rule_id,clause,test_number,object,tags,status,description,rationale,implementation_paths,evidence
5-1,5,1,MainXMPPackage,metadata,covered,The PDF/UA version and conformance level of a file shall be specified using the PDF/UA Identification extension schema,PDF/UA identification metadata is written explicitly during tagging and has passing corpus evidence.,backend/app/pipeline/tagger.py,Exact curated corpus: backend/data/benchmarks/corpus_20260308_202258/corpus_report.md; representative non-huge corpus: backend/data/benchmarks/corpus_20260311_121723/corpus_report.md; official form set: backend/data/benchmarks/corpus_20260309_123540/corpus_report.md; scanned OCR fixture sweep: backend/data/benchmarks/scanned_fixture_corpus_20260307_rerun/workflow.sqlite3
5-2,5,2,PDFUAIdentification,metadata,covered,"The value of ""pdfuaid:part"" shall be the part number of the International Standard to which the file conforms",PDF/UA identification metadata is written explicitly during tagging and has passing corpus evidence.,backend/app/pipeline/tagger.py,Exact curated corpus: backend/data/benchmarks/corpus_20260308_202258/corpus_report.md; representative non-huge corpus: backend/data/benchmarks/corpus_20260311_121723/corpus_report.md; official form set: backend/data/benchmarks/corpus_20260309_123540/corpus_report.md; scanned OCR fixture sweep: backend/data/benchmarks/scanned_fixture_corpus_20260307_rerun/workflow.sqlite3
5-3,5,3,PDFUAIdentification,metadata,covered,"Property ""part"" of the PDF/UA Identification Schema shall have namespace prefix ""pdfuaid""",PDF/UA identification metadata is written explicitly during tagging and has passing corpus evidence.,backend/app/pipeline/tagger.py,Exact curated corpus: backend/data/benchmarks/corpus_20260308_202258/corpus_report.md; representative non-huge corpus: backend/data/benchmarks/corpus_20260311_121723/corpus_report.md; official form set: backend/data/benchmarks/corpus_20260309_123540/corpus_report.md; scanned OCR fixture sweep: backend/data/benchmarks/scanned_fixture_corpus_20260307_rerun/workflow.sqlite3
5-4,5,4,PDFUAIdentification,metadata,covered,"Property ""amd"" of the PDF/UA Identification Schema shall have namespace prefix ""pdfuaid""",PDF/UA identification metadata is written explicitly during tagging and has passing corpus evidence.,backend/app/pipeline/tagger.py,Exact curated corpus: backend/data/benchmarks/corpus_20260308_202258/corpus_report.md; representative non-huge corpus: backend/data/benchmarks/corpus_20260311_121723/corpus_report.md; official form set: backend/data/benchmarks/corpus_20260309_123540/corpus_report.md; scanned OCR fixture sweep: backend/data/benchmarks/scanned_fixture_corpus_20260307_rerun/workflow.sqlite3
5-5,5,5,PDFUAIdentification,metadata,covered,"Property ""corr"" of the PDF/UA Identification Schema shall have namespace prefix ""pdfuaid""",PDF/UA identification metadata is written explicitly during tagging and has passing corpus evidence.,backend/app/pipeline/tagger.py,Exact curated corpus: backend/data/benchmarks/corpus_20260308_202258/corpus_report.md; representative non-huge corpus: backend/data/benchmarks/corpus_20260311_121723/corpus_report.md; official form set: backend/data/benchmarks/corpus_20260309_123540/corpus_report.md; scanned OCR fixture sweep: backend/data/benchmarks/scanned_fixture_corpus_20260307_rerun/workflow.sqlite3
6.1-1,6.1,1,CosDocument,syntax,unproven,"The file header shall consist of ""%PDF-1.n"" followed by a single EOL marker, where 'n' is a single digit number between 0 (30h) and 7 (37h)","Outputs currently pass the validator, but the app has no dedicated header normalization or repair path for malformed PDF version markers.",backend/app/pipeline/validator.py,Exact curated corpus: backend/data/benchmarks/corpus_20260308_202258/corpus_report.md; representative non-huge corpus: backend/data/benchmarks/corpus_20260311_121723/corpus_report.md; official form set: backend/data/benchmarks/corpus_20260309_123540/corpus_report.md; scanned OCR fixture sweep: backend/data/benchmarks/scanned_fixture_corpus_20260307_rerun/workflow.sqlite3
6.2-1,6.2,1,CosDocument,syntax,covered,"The document catalog dictionary shall include a MarkInfo dictionary containing an entry, Marked, whose value shall be true","The app builds a fresh standard structure tree, metadata, and figure semantics rather than preserving source ambiguity.","backend/app/pipeline/tagger.py, backend/app/pipeline/orchestrator.py",Exact curated corpus: backend/data/benchmarks/corpus_20260308_202258/corpus_report.md; representative non-huge corpus: backend/data/benchmarks/corpus_20260311_121723/corpus_report.md; official form set: backend/data/benchmarks/corpus_20260309_123540/corpus_report.md; scanned OCR fixture sweep: backend/data/benchmarks/scanned_fixture_corpus_20260307_rerun/workflow.sqlite3
7.1-1,7.1,1,SEMarkedContent,artifact,covered,Content marked as Artifact should not be present inside tagged content,"The app builds a fresh standard structure tree, metadata, and figure semantics rather than preserving source ambiguity.","backend/app/pipeline/tagger.py, backend/app/pipeline/orchestrator.py",Exact curated corpus: backend/data/benchmarks/corpus_20260308_202258/corpus_report.md; representative non-huge corpus: backend/data/benchmarks/corpus_20260311_121723/corpus_report.md; official form set: backend/data/benchmarks/corpus_20260309_123540/corpus_report.md; scanned OCR fixture sweep: backend/data/benchmarks/scanned_fixture_corpus_20260307_rerun/workflow.sqlite3
7.1-2,7.1,2,SEMarkedContent,artifact,covered,Tagged content should not be present inside content marked as Artifact,"The app builds a fresh standard structure tree, metadata, and figure semantics rather than preserving source ambiguity.","backend/app/pipeline/tagger.py, backend/app/pipeline/orchestrator.py",Exact curated corpus: backend/data/benchmarks/corpus_20260308_202258/corpus_report.md; representative non-huge corpus: backend/data/benchmarks/corpus_20260311_121723/corpus_report.md; official form set: backend/data/benchmarks/corpus_20260309_123540/corpus_report.md; scanned OCR fixture sweep: backend/data/benchmarks/scanned_fixture_corpus_20260307_rerun/workflow.sqlite3
7.1-3,7.1,3,SESimpleContentItem,artifact,covered,Content shall be marked as Artifact or tagged as real content,"The app builds a fresh standard structure tree, metadata, and figure semantics rather than preserving source ambiguity.","backend/app/pipeline/tagger.py, backend/app/pipeline/orchestrator.py",Exact curated corpus: backend/data/benchmarks/corpus_20260308_202258/corpus_report.md; representative non-huge corpus: backend/data/benchmarks/corpus_20260311_121723/corpus_report.md; official form set: backend/data/benchmarks/corpus_20260309_123540/corpus_report.md; scanned OCR fixture sweep: backend/data/benchmarks/scanned_fixture_corpus_20260307_rerun/workflow.sqlite3
7.1-4,7.1,4,CosDocument,syntax,covered,"Files shall have a Suspects value of false(ISO 32000-1:2008, Table 321)",The tagging pass explicitly sets /MarkInfo /Suspects to false on output PDFs.,backend/app/pipeline/tagger.py,Exact curated corpus: backend/data/benchmarks/corpus_20260308_202258/corpus_report.md; representative non-huge corpus: backend/data/benchmarks/corpus_20260311_121723/corpus_report.md; official form set: backend/data/benchmarks/corpus_20260309_123540/corpus_report.md; scanned OCR fixture sweep: backend/data/benchmarks/scanned_fixture_corpus_20260307_rerun/workflow.sqlite3
7.1-5,7.1,5,SENonStandard,structure,covered,"All non-standard structure types shall be mapped to the nearest functionally equivalent standard type, as defined in ISO 32000-1:2008, 14.8.4, in the role map dictionary of the structure tree root. This mapping may be indirect; within the role map a non-standard type can map directly to another non-standard type, but eventually the mapping shall terminate at a standard type","The app builds a fresh standard structure tree, metadata, and figure semantics rather than preserving source ambiguity.","backend/app/pipeline/tagger.py, backend/app/pipeline/orchestrator.py",Exact curated corpus: backend/data/benchmarks/corpus_20260308_202258/corpus_report.md; representative non-huge corpus: backend/data/benchmarks/corpus_20260311_121723/corpus_report.md; official form set: backend/data/benchmarks/corpus_20260309_123540/corpus_report.md; scanned OCR fixture sweep: backend/data/benchmarks/scanned_fixture_corpus_20260307_rerun/workflow.sqlite3
7.1-6,7.1,6,PDStructElem,structure,covered,A circular mapping shall not exist,"The app builds a fresh standard structure tree, metadata, and figure semantics rather than preserving source ambiguity.","backend/app/pipeline/tagger.py, backend/app/pipeline/orchestrator.py",Exact curated corpus: backend/data/benchmarks/corpus_20260308_202258/corpus_report.md; representative non-huge corpus: backend/data/benchmarks/corpus_20260311_121723/corpus_report.md; official form set: backend/data/benchmarks/corpus_20260309_123540/corpus_report.md; scanned OCR fixture sweep: backend/data/benchmarks/scanned_fixture_corpus_20260307_rerun/workflow.sqlite3
7.1-7,7.1,7,PDStructElem,structure,covered,"Standard tags defined in ISO 32000-1:2008, 14.8.4, shall not be remapped","The app builds a fresh standard structure tree, metadata, and figure semantics rather than preserving source ambiguity.","backend/app/pipeline/tagger.py, backend/app/pipeline/orchestrator.py",Exact curated corpus: backend/data/benchmarks/corpus_20260308_202258/corpus_report.md; representative non-huge corpus: backend/data/benchmarks/corpus_20260311_121723/corpus_report.md; official form set: backend/data/benchmarks/corpus_20260309_123540/corpus_report.md; scanned OCR fixture sweep: backend/data/benchmarks/scanned_fixture_corpus_20260307_rerun/workflow.sqlite3
7.1-8,7.1,8,PDDocument,metadata,covered,"The Catalog dictionary of a conforming file shall contain the Metadata key whose value is a metadata stream as defined in ISO 32000-1:2008, 14.3.2. The metadata stream dictionary shall contain entry Type with value /Metadata and entry Subtype with value /XML","The app builds a fresh standard structure tree, metadata, and figure semantics rather than preserving source ambiguity.","backend/app/pipeline/tagger.py, backend/app/pipeline/orchestrator.py",Exact curated corpus: backend/data/benchmarks/corpus_20260308_202258/corpus_report.md; representative non-huge corpus: backend/data/benchmarks/corpus_20260311_121723/corpus_report.md; official form set: backend/data/benchmarks/corpus_20260309_123540/corpus_report.md; scanned OCR fixture sweep: backend/data/benchmarks/scanned_fixture_corpus_20260307_rerun/workflow.sqlite3
7.1-9,7.1,9,MainXMPPackage,metadata,covered,"The Metadata stream in the document's catalog dictionary shall contain a dc:title entry, where dc is the recommended prefix for the Dublin Core metadata schema as defined in the XMP specification, which clearly identifies the document","The app builds a fresh standard structure tree, metadata, and figure semantics rather than preserving source ambiguity.","backend/app/pipeline/tagger.py, backend/app/pipeline/orchestrator.py",Exact curated corpus: backend/data/benchmarks/corpus_20260308_202258/corpus_report.md; representative non-huge corpus: backend/data/benchmarks/corpus_20260311_121723/corpus_report.md; official form set: backend/data/benchmarks/corpus_20260309_123540/corpus_report.md; scanned OCR fixture sweep: backend/data/benchmarks/scanned_fixture_corpus_20260307_rerun/workflow.sqlite3
7.1-10,7.1,10,CosDocument,syntax,covered,"The document catalog dictionary shall include a ViewerPreferences dictionary containing a DisplayDocTitle key, whose value shall be true","The app builds a fresh standard structure tree, metadata, and figure semantics rather than preserving source ambiguity.","backend/app/pipeline/tagger.py, backend/app/pipeline/orchestrator.py",Exact curated corpus: backend/data/benchmarks/corpus_20260308_202258/corpus_report.md; representative non-huge corpus: backend/data/benchmarks/corpus_20260311_121723/corpus_report.md; official form set: backend/data/benchmarks/corpus_20260309_123540/corpus_report.md; scanned OCR fixture sweep: backend/data/benchmarks/scanned_fixture_corpus_20260307_rerun/workflow.sqlite3
7.1-11,7.1,11,PDDocument,structure,covered,"The logical structure of the conforming file shall be described by a structure hierarchy rooted in the StructTreeRoot entry of the document catalog dictionary, as described in ISO 32000-1:2008, 14.7","The app builds a fresh standard structure tree, metadata, and figure semantics rather than preserving source ambiguity.","backend/app/pipeline/tagger.py, backend/app/pipeline/orchestrator.py",Exact curated corpus: backend/data/benchmarks/corpus_20260308_202258/corpus_report.md; representative non-huge corpus: backend/data/benchmarks/corpus_20260311_121723/corpus_report.md; official form set: backend/data/benchmarks/corpus_20260309_123540/corpus_report.md; scanned OCR fixture sweep: backend/data/benchmarks/scanned_fixture_corpus_20260307_rerun/workflow.sqlite3
7.1-12,7.1,12,PDStructElem,structure,covered,"A structure element dictionary shall contain the P (parent) entry according to ISO 32000-1:2008, 14.7.2, Table 355","The app builds a fresh standard structure tree, metadata, and figure semantics rather than preserving source ambiguity.","backend/app/pipeline/tagger.py, backend/app/pipeline/orchestrator.py",Exact curated corpus: backend/data/benchmarks/corpus_20260308_202258/corpus_report.md; representative non-huge corpus: backend/data/benchmarks/corpus_20260311_121723/corpus_report.md; official form set: backend/data/benchmarks/corpus_20260309_123540/corpus_report.md; scanned OCR fixture sweep: backend/data/benchmarks/scanned_fixture_corpus_20260307_rerun/workflow.sqlite3
7.2-2,7.2,2,PDOutline,lang,partial,Natural language in the Outline entries shall be determined,"The app sets document language and preserves many language-bearing strings, but it does not yet model multilingual spans or language overrides comprehensively.","backend/app/pipeline/tagger.py, backend/app/pipeline/fidelity.py",Exact curated corpus: backend/data/benchmarks/corpus_20260308_202258/corpus_report.md; representative non-huge corpus: backend/data/benchmarks/corpus_20260311_121723/corpus_report.md; official form set: backend/data/benchmarks/corpus_20260309_123540/corpus_report.md; scanned OCR fixture sweep: backend/data/benchmarks/scanned_fixture_corpus_20260307_rerun/workflow.sqlite3
7.2-3,7.2,3,SETable,"structure,table",partial,"Table element may contain only TR, THead, TBody, TFoot and Caption elements","The app emits real Table/TR/TH/TD structure and TH scope, but table fidelity still depends on Docling extraction and complex header association remains limited.","backend/app/pipeline/tagger.py, backend/app/pipeline/structure.py, backend/app/pipeline/fidelity.py",Exact curated corpus: backend/data/benchmarks/corpus_20260308_202258/corpus_report.md; representative non-huge corpus: backend/data/benchmarks/corpus_20260311_121723/corpus_report.md; official form set: backend/data/benchmarks/corpus_20260309_123540/corpus_report.md; scanned OCR fixture sweep: backend/data/benchmarks/scanned_fixture_corpus_20260307_rerun/workflow.sqlite3
7.2-4,7.2,4,SETR,"structure,table",partial,"TR element should be contained in Table, THead, TBody or TFoot element","The app emits real Table/TR/TH/TD structure and TH scope, but table fidelity still depends on Docling extraction and complex header association remains limited.","backend/app/pipeline/tagger.py, backend/app/pipeline/structure.py, backend/app/pipeline/fidelity.py",Exact curated corpus: backend/data/benchmarks/corpus_20260308_202258/corpus_report.md; representative non-huge corpus: backend/data/benchmarks/corpus_20260311_121723/corpus_report.md; official form set: backend/data/benchmarks/corpus_20260309_123540/corpus_report.md; scanned OCR fixture sweep: backend/data/benchmarks/scanned_fixture_corpus_20260307_rerun/workflow.sqlite3
7.2-5,7.2,5,SETHead,"structure,table",partial,THead element should be contained in Table element,"The app emits real Table/TR/TH/TD structure and TH scope, but table fidelity still depends on Docling extraction and complex header association remains limited.","backend/app/pipeline/tagger.py, backend/app/pipeline/structure.py, backend/app/pipeline/fidelity.py",Exact curated corpus: backend/data/benchmarks/corpus_20260308_202258/corpus_report.md; representative non-huge corpus: backend/data/benchmarks/corpus_20260311_121723/corpus_report.md; official form set: backend/data/benchmarks/corpus_20260309_123540/corpus_report.md; scanned OCR fixture sweep: backend/data/benchmarks/scanned_fixture_corpus_20260307_rerun/workflow.sqlite3
7.2-6,7.2,6,SETBody,"structure,table",partial,TBody element should be contained in Table element,"The app emits real Table/TR/TH/TD structure and TH scope, but table fidelity still depends on Docling extraction and complex header association remains limited.","backend/app/pipeline/tagger.py, backend/app/pipeline/structure.py, backend/app/pipeline/fidelity.py",Exact curated corpus: backend/data/benchmarks/corpus_20260308_202258/corpus_report.md; representative non-huge corpus: backend/data/benchmarks/corpus_20260311_121723/corpus_report.md; official form set: backend/data/benchmarks/corpus_20260309_123540/corpus_report.md; scanned OCR fixture sweep: backend/data/benchmarks/scanned_fixture_corpus_20260307_rerun/workflow.sqlite3
7.2-7,7.2,7,SETFoot,"structure,table",partial,TFoot element should be contained in Table element,"The app emits real Table/TR/TH/TD structure and TH scope, but table fidelity still depends on Docling extraction and complex header association remains limited.","backend/app/pipeline/tagger.py, backend/app/pipeline/structure.py, backend/app/pipeline/fidelity.py",Exact curated corpus: backend/data/benchmarks/corpus_20260308_202258/corpus_report.md; representative non-huge corpus: backend/data/benchmarks/corpus_20260311_121723/corpus_report.md; official form set: backend/data/benchmarks/corpus_20260309_123540/corpus_report.md; scanned OCR fixture sweep: backend/data/benchmarks/scanned_fixture_corpus_20260307_rerun/workflow.sqlite3
7.2-8,7.2,8,SETH,"structure,table",partial,TH element should be contained in TR element,"The app emits real Table/TR/TH/TD structure and TH scope, but table fidelity still depends on Docling extraction and complex header association remains limited.","backend/app/pipeline/tagger.py, backend/app/pipeline/structure.py, backend/app/pipeline/fidelity.py",Exact curated corpus: backend/data/benchmarks/corpus_20260308_202258/corpus_report.md; representative non-huge corpus: backend/data/benchmarks/corpus_20260311_121723/corpus_report.md; official form set: backend/data/benchmarks/corpus_20260309_123540/corpus_report.md; scanned OCR fixture sweep: backend/data/benchmarks/scanned_fixture_corpus_20260307_rerun/workflow.sqlite3
7.2-9,7.2,9,SETD,"structure,table",partial,TD element should be contained in TR element,"The app emits real Table/TR/TH/TD structure and TH scope, but table fidelity still depends on Docling extraction and complex header association remains limited.","backend/app/pipeline/tagger.py, backend/app/pipeline/structure.py, backend/app/pipeline/fidelity.py",Exact curated corpus: backend/data/benchmarks/corpus_20260308_202258/corpus_report.md; representative non-huge corpus: backend/data/benchmarks/corpus_20260311_121723/corpus_report.md; official form set: backend/data/benchmarks/corpus_20260309_123540/corpus_report.md; scanned OCR fixture sweep: backend/data/benchmarks/scanned_fixture_corpus_20260307_rerun/workflow.sqlite3
7.2-10,7.2,10,SETR,"structure,table",partial,TR element may contain only TH and TD elements,"The app emits real Table/TR/TH/TD structure and TH scope, but table fidelity still depends on Docling extraction and complex header association remains limited.","backend/app/pipeline/tagger.py, backend/app/pipeline/structure.py, backend/app/pipeline/fidelity.py",Exact curated corpus: backend/data/benchmarks/corpus_20260308_202258/corpus_report.md; representative non-huge corpus: backend/data/benchmarks/corpus_20260311_121723/corpus_report.md; official form set: backend/data/benchmarks/corpus_20260309_123540/corpus_report.md; scanned OCR fixture sweep: backend/data/benchmarks/scanned_fixture_corpus_20260307_rerun/workflow.sqlite3
7.2-11,7.2,11,SETable,"structure,table",partial,Table element should contain zero or one THead kid,"The app emits real Table/TR/TH/TD structure and TH scope, but table fidelity still depends on Docling extraction and complex header association remains limited.","backend/app/pipeline/tagger.py, backend/app/pipeline/structure.py, backend/app/pipeline/fidelity.py",Exact curated corpus: backend/data/benchmarks/corpus_20260308_202258/corpus_report.md; representative non-huge corpus: backend/data/benchmarks/corpus_20260311_121723/corpus_report.md; official form set: backend/data/benchmarks/corpus_20260309_123540/corpus_report.md; scanned OCR fixture sweep: backend/data/benchmarks/scanned_fixture_corpus_20260307_rerun/workflow.sqlite3
7.2-12,7.2,12,SETable,"structure,table",partial,Table element should contain zero or one TFoot kid,"The app emits real Table/TR/TH/TD structure and TH scope, but table fidelity still depends on Docling extraction and complex header association remains limited.","backend/app/pipeline/tagger.py, backend/app/pipeline/structure.py, backend/app/pipeline/fidelity.py",Exact curated corpus: backend/data/benchmarks/corpus_20260308_202258/corpus_report.md; representative non-huge corpus: backend/data/benchmarks/corpus_20260311_121723/corpus_report.md; official form set: backend/data/benchmarks/corpus_20260309_123540/corpus_report.md; scanned OCR fixture sweep: backend/data/benchmarks/scanned_fixture_corpus_20260307_rerun/workflow.sqlite3
7.2-13,7.2,13,SETable,"structure,table",partial,"If Table element contains TFoot kid, Table element should contain one or more TBody kids","The app emits real Table/TR/TH/TD structure and TH scope, but table fidelity still depends on Docling extraction and complex header association remains limited.","backend/app/pipeline/tagger.py, backend/app/pipeline/structure.py, backend/app/pipeline/fidelity.py",Exact curated corpus: backend/data/benchmarks/corpus_20260308_202258/corpus_report.md; representative non-huge corpus: backend/data/benchmarks/corpus_20260311_121723/corpus_report.md; official form set: backend/data/benchmarks/corpus_20260309_123540/corpus_report.md; scanned OCR fixture sweep: backend/data/benchmarks/scanned_fixture_corpus_20260307_rerun/workflow.sqlite3
7.2-14,7.2,14,SETable,"structure,table",partial,"If Table element contains THead kid, Table element should contain one or more TBody kids","The app emits real Table/TR/TH/TD structure and TH scope, but table fidelity still depends on Docling extraction and complex header association remains limited.","backend/app/pipeline/tagger.py, backend/app/pipeline/structure.py, backend/app/pipeline/fidelity.py",Exact curated corpus: backend/data/benchmarks/corpus_20260308_202258/corpus_report.md; representative non-huge corpus: backend/data/benchmarks/corpus_20260311_121723/corpus_report.md; official form set: backend/data/benchmarks/corpus_20260309_123540/corpus_report.md; scanned OCR fixture sweep: backend/data/benchmarks/scanned_fixture_corpus_20260307_rerun/workflow.sqlite3
7.2-15,7.2,15,SETableCell,"structure,table",partial,A table cell shall not have intersection with other cells,"The app emits real Table/TR/TH/TD structure and TH scope, but table fidelity still depends on Docling extraction and complex header association remains limited.","backend/app/pipeline/tagger.py, backend/app/pipeline/structure.py, backend/app/pipeline/fidelity.py",Exact curated corpus: backend/data/benchmarks/corpus_20260308_202258/corpus_report.md; representative non-huge corpus: backend/data/benchmarks/corpus_20260311_121723/corpus_report.md; official form set: backend/data/benchmarks/corpus_20260309_123540/corpus_report.md; scanned OCR fixture sweep: backend/data/benchmarks/scanned_fixture_corpus_20260307_rerun/workflow.sqlite3
7.2-16,7.2,16,SETable,"structure,table",partial,Table element may contain a Caption element as its first or last kid,"The app emits real Table/TR/TH/TD structure and TH scope, but table fidelity still depends on Docling extraction and complex header association remains limited.","backend/app/pipeline/tagger.py, backend/app/pipeline/structure.py, backend/app/pipeline/fidelity.py",Exact curated corpus: backend/data/benchmarks/corpus_20260308_202258/corpus_report.md; representative non-huge corpus: backend/data/benchmarks/corpus_20260311_121723/corpus_report.md; official form set: backend/data/benchmarks/corpus_20260309_123540/corpus_report.md; scanned OCR fixture sweep: backend/data/benchmarks/scanned_fixture_corpus_20260307_rerun/workflow.sqlite3
7.2-17,7.2,17,SELI,"structure,list",covered,LI element should be contained in L element,List output is emitted with L/LI/LBody structure by the tagger and validated in corpus runs.,backend/app/pipeline/tagger.py,Exact curated corpus: backend/data/benchmarks/corpus_20260308_202258/corpus_report.md; representative non-huge corpus: backend/data/benchmarks/corpus_20260311_121723/corpus_report.md; official form set: backend/data/benchmarks/corpus_20260309_123540/corpus_report.md; scanned OCR fixture sweep: backend/data/benchmarks/scanned_fixture_corpus_20260307_rerun/workflow.sqlite3
7.2-18,7.2,18,SELBody,"structure,list",covered,LBody element should be contained in LI element,List output is emitted with L/LI/LBody structure by the tagger and validated in corpus runs.,backend/app/pipeline/tagger.py,Exact curated corpus: backend/data/benchmarks/corpus_20260308_202258/corpus_report.md; representative non-huge corpus: backend/data/benchmarks/corpus_20260311_121723/corpus_report.md; official form set: backend/data/benchmarks/corpus_20260309_123540/corpus_report.md; scanned OCR fixture sweep: backend/data/benchmarks/scanned_fixture_corpus_20260307_rerun/workflow.sqlite3
7.2-19,7.2,19,SEL,"structure,list",covered,"L element may contain only L, LI and Caption elements",List output is emitted with L/LI/LBody structure by the tagger and validated in corpus runs.,backend/app/pipeline/tagger.py,Exact curated corpus: backend/data/benchmarks/corpus_20260308_202258/corpus_report.md; representative non-huge corpus: backend/data/benchmarks/corpus_20260311_121723/corpus_report.md; official form set: backend/data/benchmarks/corpus_20260309_123540/corpus_report.md; scanned OCR fixture sweep: backend/data/benchmarks/scanned_fixture_corpus_20260307_rerun/workflow.sqlite3
7.2-20,7.2,20,SELI,"structure,list",covered,LI element may contain only Lbl and LBody elements,List output is emitted with L/LI/LBody structure by the tagger and validated in corpus runs.,backend/app/pipeline/tagger.py,Exact curated corpus: backend/data/benchmarks/corpus_20260308_202258/corpus_report.md; representative non-huge corpus: backend/data/benchmarks/corpus_20260311_121723/corpus_report.md; official form set: backend/data/benchmarks/corpus_20260309_123540/corpus_report.md; scanned OCR fixture sweep: backend/data/benchmarks/scanned_fixture_corpus_20260307_rerun/workflow.sqlite3
7.2-21,7.2,21,PDStructElem,"structure,lang",partial,Natural language for text in ActualText attribute shall be determined,"The app sets document language and preserves many language-bearing strings, but it does not yet model multilingual spans or language overrides comprehensively.","backend/app/pipeline/tagger.py, backend/app/pipeline/fidelity.py",Exact curated corpus: backend/data/benchmarks/corpus_20260308_202258/corpus_report.md; representative non-huge corpus: backend/data/benchmarks/corpus_20260311_121723/corpus_report.md; official form set: backend/data/benchmarks/corpus_20260309_123540/corpus_report.md; scanned OCR fixture sweep: backend/data/benchmarks/scanned_fixture_corpus_20260307_rerun/workflow.sqlite3
7.2-22,7.2,22,PDStructElem,"structure,lang",partial,Natural language for text in Alt attribute shall be determined,"The app sets document language and preserves many language-bearing strings, but it does not yet model multilingual spans or language overrides comprehensively.","backend/app/pipeline/tagger.py, backend/app/pipeline/fidelity.py",Exact curated corpus: backend/data/benchmarks/corpus_20260308_202258/corpus_report.md; representative non-huge corpus: backend/data/benchmarks/corpus_20260311_121723/corpus_report.md; official form set: backend/data/benchmarks/corpus_20260309_123540/corpus_report.md; scanned OCR fixture sweep: backend/data/benchmarks/scanned_fixture_corpus_20260307_rerun/workflow.sqlite3
7.2-23,7.2,23,PDStructElem,"structure,lang",unproven,Natural language for text in E attribute shall be determined,"The app does not currently generate explicit E-attribute language structures, and these rules are not directly exercised by the current corpus.","backend/app/pipeline/tagger.py, backend/app/pipeline/validator.py",Exact curated corpus: backend/data/benchmarks/corpus_20260308_202258/corpus_report.md; representative non-huge corpus: backend/data/benchmarks/corpus_20260311_121723/corpus_report.md; official form set: backend/data/benchmarks/corpus_20260309_123540/corpus_report.md; scanned OCR fixture sweep: backend/data/benchmarks/scanned_fixture_corpus_20260307_rerun/workflow.sqlite3
7.2-24,7.2,24,PDAnnot,"lang,annotation,structure",partial,Natural language in the Contents entry for annotations shall be determined,"The app sets document language and preserves many language-bearing strings, but it does not yet model multilingual spans or language overrides comprehensively.","backend/app/pipeline/tagger.py, backend/app/pipeline/fidelity.py",Exact curated corpus: backend/data/benchmarks/corpus_20260308_202258/corpus_report.md; representative non-huge corpus: backend/data/benchmarks/corpus_20260311_121723/corpus_report.md; official form set: backend/data/benchmarks/corpus_20260309_123540/corpus_report.md; scanned OCR fixture sweep: backend/data/benchmarks/scanned_fixture_corpus_20260307_rerun/workflow.sqlite3
7.2-25,7.2,25,PDFormField,"structure,lang",partial,Natural language in the TU key for form fields shall be determined,"The app sets document language and preserves many language-bearing strings, but it does not yet model multilingual spans or language overrides comprehensively.","backend/app/pipeline/tagger.py, backend/app/pipeline/fidelity.py",Exact curated corpus: backend/data/benchmarks/corpus_20260308_202258/corpus_report.md; representative non-huge corpus: backend/data/benchmarks/corpus_20260311_121723/corpus_report.md; official form set: backend/data/benchmarks/corpus_20260309_123540/corpus_report.md; scanned OCR fixture sweep: backend/data/benchmarks/scanned_fixture_corpus_20260307_rerun/workflow.sqlite3
7.2-26,7.2,26,SETOCI,"structure,toc",partial,TOCI element should be contained in TOC element,"The app now detects obvious table-of-contents runs and emits TOC/TOCI/Caption structure, but detection remains heuristic and is not yet proven across a broad corpus.","backend/app/pipeline/structure.py, backend/app/pipeline/tagger.py",Exact curated corpus: backend/data/benchmarks/corpus_20260308_202258/corpus_report.md; representative non-huge corpus: backend/data/benchmarks/corpus_20260311_121723/corpus_report.md; official form set: backend/data/benchmarks/corpus_20260309_123540/corpus_report.md; scanned OCR fixture sweep: backend/data/benchmarks/scanned_fixture_corpus_20260307_rerun/workflow.sqlite3
7.2-27,7.2,27,SETOC,"structure,toc",partial,"TOC element may contain only TOC, TOCI and Caption elements","The app now detects obvious table-of-contents runs and emits TOC/TOCI/Caption structure, but detection remains heuristic and is not yet proven across a broad corpus.","backend/app/pipeline/structure.py, backend/app/pipeline/tagger.py",Exact curated corpus: backend/data/benchmarks/corpus_20260308_202258/corpus_report.md; representative non-huge corpus: backend/data/benchmarks/corpus_20260311_121723/corpus_report.md; official form set: backend/data/benchmarks/corpus_20260309_123540/corpus_report.md; scanned OCR fixture sweep: backend/data/benchmarks/scanned_fixture_corpus_20260307_rerun/workflow.sqlite3
7.2-28,7.2,28,SETOC,"structure,toc",partial,TOC element may contain a Caption element only as its first kid,"The app now detects obvious table-of-contents runs and emits TOC/TOCI/Caption structure, but detection remains heuristic and is not yet proven across a broad corpus.","backend/app/pipeline/structure.py, backend/app/pipeline/tagger.py",Exact curated corpus: backend/data/benchmarks/corpus_20260308_202258/corpus_report.md; representative non-huge corpus: backend/data/benchmarks/corpus_20260311_121723/corpus_report.md; official form set: backend/data/benchmarks/corpus_20260309_123540/corpus_report.md; scanned OCR fixture sweep: backend/data/benchmarks/scanned_fixture_corpus_20260307_rerun/workflow.sqlite3
7.2-29,7.2,29,CosLang,lang,partial,"If the Lang entry is present in the document's Catalog dictionary or in a structure element dictionary or property list, its value shall be a language identifier as described in ISO 32000-1:2008, 14.9.2. A language identifier shall be a Language-Tag as defined in RFC 3066, Tags for the Identification of Languages","The app sets document language and preserves many language-bearing strings, but it does not yet model multilingual spans or language overrides comprehensively.","backend/app/pipeline/tagger.py, backend/app/pipeline/fidelity.py",Exact curated corpus: backend/data/benchmarks/corpus_20260308_202258/corpus_report.md; representative non-huge corpus: backend/data/benchmarks/corpus_20260311_121723/corpus_report.md; official form set: backend/data/benchmarks/corpus_20260309_123540/corpus_report.md; scanned OCR fixture sweep: backend/data/benchmarks/scanned_fixture_corpus_20260307_rerun/workflow.sqlite3
7.2-30,7.2,30,SEMarkedContent,"lang,alt-text",partial,Natural language for text in ActualText attribute in Span Marked Content shall be determined,"The app sets document language and preserves many language-bearing strings, but it does not yet model multilingual spans or language overrides comprehensively.","backend/app/pipeline/tagger.py, backend/app/pipeline/fidelity.py",Exact curated corpus: backend/data/benchmarks/corpus_20260308_202258/corpus_report.md; representative non-huge corpus: backend/data/benchmarks/corpus_20260311_121723/corpus_report.md; official form set: backend/data/benchmarks/corpus_20260309_123540/corpus_report.md; scanned OCR fixture sweep: backend/data/benchmarks/scanned_fixture_corpus_20260307_rerun/workflow.sqlite3
7.2-31,7.2,31,SEMarkedContent,"lang,alt-text",partial,Natural language for text in Alt attribute in Span Marked Content shall be determined,"The app sets document language and preserves many language-bearing strings, but it does not yet model multilingual spans or language overrides comprehensively.","backend/app/pipeline/tagger.py, backend/app/pipeline/fidelity.py",Exact curated corpus: backend/data/benchmarks/corpus_20260308_202258/corpus_report.md; representative non-huge corpus: backend/data/benchmarks/corpus_20260311_121723/corpus_report.md; official form set: backend/data/benchmarks/corpus_20260309_123540/corpus_report.md; scanned OCR fixture sweep: backend/data/benchmarks/scanned_fixture_corpus_20260307_rerun/workflow.sqlite3
7.2-32,7.2,32,SEMarkedContent,"lang,alt-text",unproven,Natural language for text in E attribute in Span Marked Content shall be determined,"The app does not currently generate explicit E-attribute language structures, and these rules are not directly exercised by the current corpus.","backend/app/pipeline/tagger.py, backend/app/pipeline/validator.py",Exact curated corpus: backend/data/benchmarks/corpus_20260308_202258/corpus_report.md; representative non-huge corpus: backend/data/benchmarks/corpus_20260311_121723/corpus_report.md; official form set: backend/data/benchmarks/corpus_20260309_123540/corpus_report.md; scanned OCR fixture sweep: backend/data/benchmarks/scanned_fixture_corpus_20260307_rerun/workflow.sqlite3
7.2-33,7.2,33,XMPLangAlt,"lang,metadata",partial,Natural language for document metadata shall be determined,"The app sets document language and preserves many language-bearing strings, but it does not yet model multilingual spans or language overrides comprehensively.","backend/app/pipeline/tagger.py, backend/app/pipeline/fidelity.py",Exact curated corpus: backend/data/benchmarks/corpus_20260308_202258/corpus_report.md; representative non-huge corpus: backend/data/benchmarks/corpus_20260311_121723/corpus_report.md; official form set: backend/data/benchmarks/corpus_20260309_123540/corpus_report.md; scanned OCR fixture sweep: backend/data/benchmarks/scanned_fixture_corpus_20260307_rerun/workflow.sqlite3
7.2-34,7.2,34,SETextItem,"lang,text",partial,Natural language for text in page content shall be determined,"The app sets document language and preserves many language-bearing strings, but it does not yet model multilingual spans or language overrides comprehensively.","backend/app/pipeline/tagger.py, backend/app/pipeline/fidelity.py",Exact curated corpus: backend/data/benchmarks/corpus_20260308_202258/corpus_report.md; representative non-huge corpus: backend/data/benchmarks/corpus_20260311_121723/corpus_report.md; official form set: backend/data/benchmarks/corpus_20260309_123540/corpus_report.md; scanned OCR fixture sweep: backend/data/benchmarks/scanned_fixture_corpus_20260307_rerun/workflow.sqlite3
7.2-36,7.2,36,SETHead,"structure,table",partial,THead element may contain only TR elements,"The app emits real Table/TR/TH/TD structure and TH scope, but table fidelity still depends on Docling extraction and complex header association remains limited.","backend/app/pipeline/tagger.py, backend/app/pipeline/structure.py, backend/app/pipeline/fidelity.py",Exact curated corpus: backend/data/benchmarks/corpus_20260308_202258/corpus_report.md; representative non-huge corpus: backend/data/benchmarks/corpus_20260311_121723/corpus_report.md; official form set: backend/data/benchmarks/corpus_20260309_123540/corpus_report.md; scanned OCR fixture sweep: backend/data/benchmarks/scanned_fixture_corpus_20260307_rerun/workflow.sqlite3
7.2-37,7.2,37,SETBody,"structure,table",partial,TBody element may contain only TR elements,"The app emits real Table/TR/TH/TD structure and TH scope, but table fidelity still depends on Docling extraction and complex header association remains limited.","backend/app/pipeline/tagger.py, backend/app/pipeline/structure.py, backend/app/pipeline/fidelity.py",Exact curated corpus: backend/data/benchmarks/corpus_20260308_202258/corpus_report.md; representative non-huge corpus: backend/data/benchmarks/corpus_20260311_121723/corpus_report.md; official form set: backend/data/benchmarks/corpus_20260309_123540/corpus_report.md; scanned OCR fixture sweep: backend/data/benchmarks/scanned_fixture_corpus_20260307_rerun/workflow.sqlite3
7.2-38,7.2,38,SETFoot,"structure,table",partial,TFoot element may contain only TR elements,"The app emits real Table/TR/TH/TD structure and TH scope, but table fidelity still depends on Docling extraction and complex header association remains limited.","backend/app/pipeline/tagger.py, backend/app/pipeline/structure.py, backend/app/pipeline/fidelity.py",Exact curated corpus: backend/data/benchmarks/corpus_20260308_202258/corpus_report.md; representative non-huge corpus: backend/data/benchmarks/corpus_20260311_121723/corpus_report.md; official form set: backend/data/benchmarks/corpus_20260309_123540/corpus_report.md; scanned OCR fixture sweep: backend/data/benchmarks/scanned_fixture_corpus_20260307_rerun/workflow.sqlite3
7.2-39,7.2,39,SETable,"structure,table",partial,Table element may contain only one Caption element,"The app emits real Table/TR/TH/TD structure and TH scope, but table fidelity still depends on Docling extraction and complex header association remains limited.","backend/app/pipeline/tagger.py, backend/app/pipeline/structure.py, backend/app/pipeline/fidelity.py",Exact curated corpus: backend/data/benchmarks/corpus_20260308_202258/corpus_report.md; representative non-huge corpus: backend/data/benchmarks/corpus_20260311_121723/corpus_report.md; official form set: backend/data/benchmarks/corpus_20260309_123540/corpus_report.md; scanned OCR fixture sweep: backend/data/benchmarks/scanned_fixture_corpus_20260307_rerun/workflow.sqlite3
7.2-40,7.2,40,SEL,"structure,list",covered,L element may contain a Caption element only as its first kid,List output is emitted with L/LI/LBody structure by the tagger and validated in corpus runs.,backend/app/pipeline/tagger.py,Exact curated corpus: backend/data/benchmarks/corpus_20260308_202258/corpus_report.md; representative non-huge corpus: backend/data/benchmarks/corpus_20260311_121723/corpus_report.md; official form set: backend/data/benchmarks/corpus_20260309_123540/corpus_report.md; scanned OCR fixture sweep: backend/data/benchmarks/scanned_fixture_corpus_20260307_rerun/workflow.sqlite3
7.2-41,7.2,41,SETable,"structure,table",partial,Table columns shall have the same number of rows (taking into account row spans),"The app emits real Table/TR/TH/TD structure and TH scope, but table fidelity still depends on Docling extraction and complex header association remains limited.","backend/app/pipeline/tagger.py, backend/app/pipeline/structure.py, backend/app/pipeline/fidelity.py",Exact curated corpus: backend/data/benchmarks/corpus_20260308_202258/corpus_report.md; representative non-huge corpus: backend/data/benchmarks/corpus_20260311_121723/corpus_report.md; official form set: backend/data/benchmarks/corpus_20260309_123540/corpus_report.md; scanned OCR fixture sweep: backend/data/benchmarks/scanned_fixture_corpus_20260307_rerun/workflow.sqlite3
7.2-42,7.2,42,SETable,"structure,table",partial,Table rows shall have the same number of columns (taking into account column spans),"The app emits real Table/TR/TH/TD structure and TH scope, but table fidelity still depends on Docling extraction and complex header association remains limited.","backend/app/pipeline/tagger.py, backend/app/pipeline/structure.py, backend/app/pipeline/fidelity.py",Exact curated corpus: backend/data/benchmarks/corpus_20260308_202258/corpus_report.md; representative non-huge corpus: backend/data/benchmarks/corpus_20260311_121723/corpus_report.md; official form set: backend/data/benchmarks/corpus_20260309_123540/corpus_report.md; scanned OCR fixture sweep: backend/data/benchmarks/scanned_fixture_corpus_20260307_rerun/workflow.sqlite3
7.2-43,7.2,43,SETable,"structure,table",partial,Table rows shall have the same number of columns (taking into account column spans),"The app emits real Table/TR/TH/TD structure and TH scope, but table fidelity still depends on Docling extraction and complex header association remains limited.","backend/app/pipeline/tagger.py, backend/app/pipeline/structure.py, backend/app/pipeline/fidelity.py",Exact curated corpus: backend/data/benchmarks/corpus_20260308_202258/corpus_report.md; representative non-huge corpus: backend/data/benchmarks/corpus_20260311_121723/corpus_report.md; official form set: backend/data/benchmarks/corpus_20260309_123540/corpus_report.md; scanned OCR fixture sweep: backend/data/benchmarks/scanned_fixture_corpus_20260307_rerun/workflow.sqlite3
7.3-1,7.3,1,SEFigure,"alt-text,structure,figure",covered,"Figure tags shall include an alternative representation or replacement text that represents the contents marked with the Figure tag as noted in ISO 32000-1:2008, 14.7.2, Table 323","The app builds a fresh standard structure tree, metadata, and figure semantics rather than preserving source ambiguity.","backend/app/pipeline/tagger.py, backend/app/pipeline/orchestrator.py",Exact curated corpus: backend/data/benchmarks/corpus_20260308_202258/corpus_report.md; representative non-huge corpus: backend/data/benchmarks/corpus_20260311_121723/corpus_report.md; official form set: backend/data/benchmarks/corpus_20260309_123540/corpus_report.md; scanned OCR fixture sweep: backend/data/benchmarks/scanned_fixture_corpus_20260307_rerun/workflow.sqlite3
7.4.2-1,7.4.2,1,SEHn,"structure,heading",partial,"For documents that are not strongly structured, as described in ISO 32000-1:2008, 14.8.4.3.5, heading tags shall be used as follows: (*) If any heading tags are used, H1 shall be the first. (*) A document may use more than one instance of any specific tag level. For example, a tag level may be repeated if document content requires it. (*) If document semantics require a descending sequence of headers, such a sequence shall proceed in strict numerical order and shall not skip an intervening heading level. (*) A document may increment its heading sequence without restarting at H1 if document semantics require it","Heading tags are emitted and level inference exists, but correctness still depends on structural extraction quality and heuristic level recovery.","backend/app/pipeline/tagger.py, backend/app/pipeline/structure.py",Exact curated corpus: backend/data/benchmarks/corpus_20260308_202258/corpus_report.md; representative non-huge corpus: backend/data/benchmarks/corpus_20260311_121723/corpus_report.md; official form set: backend/data/benchmarks/corpus_20260309_123540/corpus_report.md; scanned OCR fixture sweep: backend/data/benchmarks/scanned_fixture_corpus_20260307_rerun/workflow.sqlite3
7.4.4-1,7.4.4,1,PDStructElem,"structure,heading",partial,Each node in the tag tree shall contain at most one child H tag,"Heading tags are emitted and level inference exists, but correctness still depends on structural extraction quality and heuristic level recovery.","backend/app/pipeline/tagger.py, backend/app/pipeline/structure.py",Exact curated corpus: backend/data/benchmarks/corpus_20260308_202258/corpus_report.md; representative non-huge corpus: backend/data/benchmarks/corpus_20260311_121723/corpus_report.md; official form set: backend/data/benchmarks/corpus_20260309_123540/corpus_report.md; scanned OCR fixture sweep: backend/data/benchmarks/scanned_fixture_corpus_20260307_rerun/workflow.sqlite3
7.4.4-2,7.4.4,2,SEH,"structure,heading",partial,"All documents shall be either strongly or weakly structured, but not both","Heading tags are emitted and level inference exists, but correctness still depends on structural extraction quality and heuristic level recovery.","backend/app/pipeline/tagger.py, backend/app/pipeline/structure.py",Exact curated corpus: backend/data/benchmarks/corpus_20260308_202258/corpus_report.md; representative non-huge corpus: backend/data/benchmarks/corpus_20260311_121723/corpus_report.md; official form set: backend/data/benchmarks/corpus_20260309_123540/corpus_report.md; scanned OCR fixture sweep: backend/data/benchmarks/scanned_fixture_corpus_20260307_rerun/workflow.sqlite3
7.4.4-3,7.4.4,3,SEHn,"structure,heading",partial,"All documents shall be either strongly or weakly structured, but not both","Heading tags are emitted and level inference exists, but correctness still depends on structural extraction quality and heuristic level recovery.","backend/app/pipeline/tagger.py, backend/app/pipeline/structure.py",Exact curated corpus: backend/data/benchmarks/corpus_20260308_202258/corpus_report.md; representative non-huge corpus: backend/data/benchmarks/corpus_20260311_121723/corpus_report.md; official form set: backend/data/benchmarks/corpus_20260309_123540/corpus_report.md; scanned OCR fixture sweep: backend/data/benchmarks/scanned_fixture_corpus_20260307_rerun/workflow.sqlite3
7.5-1,7.5,1,SETD,"structure,table",partial,"If the table's structure is not determinable via Headers and IDs, then structure elements of type TH shall have a Scope attribute","The app emits real Table/TR/TH/TD structure and TH scope, but table fidelity still depends on Docling extraction and complex header association remains limited.","backend/app/pipeline/tagger.py, backend/app/pipeline/structure.py, backend/app/pipeline/fidelity.py",Exact curated corpus: backend/data/benchmarks/corpus_20260308_202258/corpus_report.md; representative non-huge corpus: backend/data/benchmarks/corpus_20260311_121723/corpus_report.md; official form set: backend/data/benchmarks/corpus_20260309_123540/corpus_report.md; scanned OCR fixture sweep: backend/data/benchmarks/scanned_fixture_corpus_20260307_rerun/workflow.sqlite3
7.5-2,7.5,2,SETD,"structure,table",partial,"If the table's structure is not determinable via Headers and IDs, then structure elements of type TH shall have a Scope attribute","The app emits real Table/TR/TH/TD structure and TH scope, but table fidelity still depends on Docling extraction and complex header association remains limited.","backend/app/pipeline/tagger.py, backend/app/pipeline/structure.py, backend/app/pipeline/fidelity.py",Exact curated corpus: backend/data/benchmarks/corpus_20260308_202258/corpus_report.md; representative non-huge corpus: backend/data/benchmarks/corpus_20260311_121723/corpus_report.md; official form set: backend/data/benchmarks/corpus_20260309_123540/corpus_report.md; scanned OCR fixture sweep: backend/data/benchmarks/scanned_fixture_corpus_20260307_rerun/workflow.sqlite3
7.7-1,7.7,1,SEFormula,"structure,alt-text",partial,"All mathematical expressions shall be enclosed within a Formula tag as detailed in ISO 32000-1:2008, 14.8.4.5 and shall have Alt or ActualText attributes","Formula elements are now emitted as Formula tags with Alt text when structure extraction supplies formula text, but overall formula detection and math semantics remain incomplete.","backend/app/pipeline/tagger.py, backend/app/pipeline/structure.py",Exact curated corpus: backend/data/benchmarks/corpus_20260308_202258/corpus_report.md; representative non-huge corpus: backend/data/benchmarks/corpus_20260311_121723/corpus_report.md; official form set: backend/data/benchmarks/corpus_20260309_123540/corpus_report.md; scanned OCR fixture sweep: backend/data/benchmarks/scanned_fixture_corpus_20260307_rerun/workflow.sqlite3
7.9-1,7.9,1,SENote,"structure,note",partial,Note tag shall have ID entry,"Footnotes are normalized into Note elements with stable IDs, but broader note/endnote modeling is still limited by upstream extraction.","backend/app/pipeline/tagger.py, backend/app/pipeline/structure.py",Exact curated corpus: backend/data/benchmarks/corpus_20260308_202258/corpus_report.md; representative non-huge corpus: backend/data/benchmarks/corpus_20260311_121723/corpus_report.md; official form set: backend/data/benchmarks/corpus_20260309_123540/corpus_report.md; scanned OCR fixture sweep: backend/data/benchmarks/scanned_fixture_corpus_20260307_rerun/workflow.sqlite3
7.9-2,7.9,2,SENote,"structure,note",partial,Each Note tag shall have unique ID key,"Footnotes are normalized into Note elements with stable IDs, but broader note/endnote modeling is still limited by upstream extraction.","backend/app/pipeline/tagger.py, backend/app/pipeline/structure.py",Exact curated corpus: backend/data/benchmarks/corpus_20260308_202258/corpus_report.md; representative non-huge corpus: backend/data/benchmarks/corpus_20260311_121723/corpus_report.md; official form set: backend/data/benchmarks/corpus_20260309_123540/corpus_report.md; scanned OCR fixture sweep: backend/data/benchmarks/scanned_fixture_corpus_20260307_rerun/workflow.sqlite3
7.10-1,7.10,1,PDOCConfig,syntax,covered,"Each optional content configuration dictionary that forms the value of the D key, or that is an element in the array that forms the value of the Configs key in the OCProperties dictionary, shall contain the Name key",The tagging pass normalizes optional content configuration dictionaries by ensuring Name is present and removing forbidden AS entries.,backend/app/pipeline/tagger.py,Exact curated corpus: backend/data/benchmarks/corpus_20260308_202258/corpus_report.md; representative non-huge corpus: backend/data/benchmarks/corpus_20260311_121723/corpus_report.md; official form set: backend/data/benchmarks/corpus_20260309_123540/corpus_report.md; scanned OCR fixture sweep: backend/data/benchmarks/scanned_fixture_corpus_20260307_rerun/workflow.sqlite3
7.10-2,7.10,2,PDOCConfig,syntax,covered,The AS key shall not appear in any optional content configuration dictionary,The tagging pass normalizes optional content configuration dictionaries by ensuring Name is present and removing forbidden AS entries.,backend/app/pipeline/tagger.py,Exact curated corpus: backend/data/benchmarks/corpus_20260308_202258/corpus_report.md; representative non-huge corpus: backend/data/benchmarks/corpus_20260311_121723/corpus_report.md; official form set: backend/data/benchmarks/corpus_20260309_123540/corpus_report.md; scanned OCR fixture sweep: backend/data/benchmarks/scanned_fixture_corpus_20260307_rerun/workflow.sqlite3
7.11-1,7.11,1,CosFileSpecification,syntax,covered,The file specification dictionary for an embedded file shall contain the non-empty F and UF keys,The tagging pass normalizes embedded file specifications so embedded attachments always carry non-empty F and UF filename keys.,backend/app/pipeline/tagger.py,Exact curated corpus: backend/data/benchmarks/corpus_20260308_202258/corpus_report.md; representative non-huge corpus: backend/data/benchmarks/corpus_20260311_121723/corpus_report.md; official form set: backend/data/benchmarks/corpus_20260309_123540/corpus_report.md; scanned OCR fixture sweep: backend/data/benchmarks/scanned_fixture_corpus_20260307_rerun/workflow.sqlite3
7.15-1,7.15,1,PDAcroForm,syntax,covered,Dynamic XFA forms shall not be used,The tagging pass strips dynamic XFA packets from AcroForm dictionaries before writing the accessible output PDF.,backend/app/pipeline/tagger.py,Exact curated corpus: backend/data/benchmarks/corpus_20260308_202258/corpus_report.md; representative non-huge corpus: backend/data/benchmarks/corpus_20260311_121723/corpus_report.md; official form set: backend/data/benchmarks/corpus_20260309_123540/corpus_report.md; scanned OCR fixture sweep: backend/data/benchmarks/scanned_fixture_corpus_20260307_rerun/workflow.sqlite3
7.16-1,7.16,1,PDEncryption,syntax,unproven,"An encrypted conforming file shall contain a P key in its encryption dictionary (ISO 32000-1:2008, 7.6.3.2, Table 21). The 10th bit position of the P key shall be true",Encrypted PDF permission handling is not an explicit remediation lane today.,backend/app/pipeline/validator.py,Exact curated corpus: backend/data/benchmarks/corpus_20260308_202258/corpus_report.md; representative non-huge corpus: backend/data/benchmarks/corpus_20260311_121723/corpus_report.md; official form set: backend/data/benchmarks/corpus_20260309_123540/corpus_report.md; scanned OCR fixture sweep: backend/data/benchmarks/scanned_fixture_corpus_20260307_rerun/workflow.sqlite3
7.18.1-1,7.18.1,1,PDAnnot,annotation,covered,"An annotation, excluding annotations of subtype Widget, PrinterMark or Link, shall be nested within an Annot tag","The app tags links, widgets, and generic annotations, sets Tabs/S, adds annotation descriptions where needed, and prunes incidental TrapNet/PrinterMark annotations from output pages.","backend/app/pipeline/tagger.py, backend/app/pipeline/fidelity.py",Exact curated corpus: backend/data/benchmarks/corpus_20260308_202258/corpus_report.md; representative non-huge corpus: backend/data/benchmarks/corpus_20260311_121723/corpus_report.md; official form set: backend/data/benchmarks/corpus_20260309_123540/corpus_report.md; scanned OCR fixture sweep: backend/data/benchmarks/scanned_fixture_corpus_20260307_rerun/workflow.sqlite3
7.18.1-2,7.18.1,2,PDAnnot,"annotation,alt-text",covered,"An annotation (except Widget annotations or hidden annotations, or those having rectangle outside the crop-box) shall have either Contents key or an Alt entry in the enclosing structure element","The app tags links, widgets, and generic annotations, sets Tabs/S, adds annotation descriptions where needed, and prunes incidental TrapNet/PrinterMark annotations from output pages.","backend/app/pipeline/tagger.py, backend/app/pipeline/fidelity.py",Exact curated corpus: backend/data/benchmarks/corpus_20260308_202258/corpus_report.md; representative non-huge corpus: backend/data/benchmarks/corpus_20260311_121723/corpus_report.md; official form set: backend/data/benchmarks/corpus_20260309_123540/corpus_report.md; scanned OCR fixture sweep: backend/data/benchmarks/scanned_fixture_corpus_20260307_rerun/workflow.sqlite3
7.18.1-3,7.18.1,3,PDWidgetAnnot,"annotation,alt-text",partial,A form field shall have a TU key present or all its Widget annotations shall have alternative descriptions (in the form of an Alt entry in the enclosing structure elements),"The app partially covers this annotation/media family: form widgets are structurally tagged, and media clip data dictionaries now get syntax-critical CT/Alt backfills, but richer semantics still need dedicated modeling or manual remediation.","backend/app/pipeline/tagger.py, backend/app/pipeline/fidelity.py",Exact curated corpus: backend/data/benchmarks/corpus_20260308_202258/corpus_report.md; representative non-huge corpus: backend/data/benchmarks/corpus_20260311_121723/corpus_report.md; official form set: backend/data/benchmarks/corpus_20260309_123540/corpus_report.md; scanned OCR fixture sweep: backend/data/benchmarks/scanned_fixture_corpus_20260307_rerun/workflow.sqlite3
7.18.2-1,7.18.2,1,PDTrapNetAnnot,annotation,covered,Annotations of subtype TrapNet shall not be permitted,"The app tags links, widgets, and generic annotations, sets Tabs/S, adds annotation descriptions where needed, and prunes incidental TrapNet/PrinterMark annotations from output pages.","backend/app/pipeline/tagger.py, backend/app/pipeline/fidelity.py",Exact curated corpus: backend/data/benchmarks/corpus_20260308_202258/corpus_report.md; representative non-huge corpus: backend/data/benchmarks/corpus_20260311_121723/corpus_report.md; official form set: backend/data/benchmarks/corpus_20260309_123540/corpus_report.md; scanned OCR fixture sweep: backend/data/benchmarks/scanned_fixture_corpus_20260307_rerun/workflow.sqlite3
7.18.3-1,7.18.3,1,PDPage,page,covered,"Every page on which there is an annotation shall contain in its page dictionary the key Tabs, and its value shall be S","The app tags links, widgets, and generic annotations, sets Tabs/S, adds annotation descriptions where needed, and prunes incidental TrapNet/PrinterMark annotations from output pages.","backend/app/pipeline/tagger.py, backend/app/pipeline/fidelity.py",Exact curated corpus: backend/data/benchmarks/corpus_20260308_202258/corpus_report.md; representative non-huge corpus: backend/data/benchmarks/corpus_20260311_121723/corpus_report.md; official form set: backend/data/benchmarks/corpus_20260309_123540/corpus_report.md; scanned OCR fixture sweep: backend/data/benchmarks/scanned_fixture_corpus_20260307_rerun/workflow.sqlite3
7.18.4-1,7.18.4,1,PDWidgetAnnot,annotation,covered,"A Widget annotation shall be nested within a Form tag per ISO 32000-1:2008, 14.8.4.5, Table 340","The app tags links, widgets, and generic annotations, sets Tabs/S, adds annotation descriptions where needed, and prunes incidental TrapNet/PrinterMark annotations from output pages.","backend/app/pipeline/tagger.py, backend/app/pipeline/fidelity.py",Exact curated corpus: backend/data/benchmarks/corpus_20260308_202258/corpus_report.md; representative non-huge corpus: backend/data/benchmarks/corpus_20260311_121723/corpus_report.md; official form set: backend/data/benchmarks/corpus_20260309_123540/corpus_report.md; scanned OCR fixture sweep: backend/data/benchmarks/scanned_fixture_corpus_20260307_rerun/workflow.sqlite3
7.18.4-2,7.18.4,2,SEForm,structure,covered,"If the Form element omits a Role attribute (Table 348), it shall have only one child: an object reference (14.7.4.3) identifying the widget annotation per ISO 32000-1:2008, 14.8.4.5, Table 340","The app tags links, widgets, and generic annotations, sets Tabs/S, adds annotation descriptions where needed, and prunes incidental TrapNet/PrinterMark annotations from output pages.","backend/app/pipeline/tagger.py, backend/app/pipeline/fidelity.py",Exact curated corpus: backend/data/benchmarks/corpus_20260308_202258/corpus_report.md; representative non-huge corpus: backend/data/benchmarks/corpus_20260311_121723/corpus_report.md; official form set: backend/data/benchmarks/corpus_20260309_123540/corpus_report.md; scanned OCR fixture sweep: backend/data/benchmarks/scanned_fixture_corpus_20260307_rerun/workflow.sqlite3
7.18.5-1,7.18.5,1,PDLinkAnnot,annotation,covered,"Links shall be tagged according to ISO 32000-1:2008, 14.8.4.4.2, Link Element","The app tags links, widgets, and generic annotations, sets Tabs/S, adds annotation descriptions where needed, and prunes incidental TrapNet/PrinterMark annotations from output pages.","backend/app/pipeline/tagger.py, backend/app/pipeline/fidelity.py",Exact curated corpus: backend/data/benchmarks/corpus_20260308_202258/corpus_report.md; representative non-huge corpus: backend/data/benchmarks/corpus_20260311_121723/corpus_report.md; official form set: backend/data/benchmarks/corpus_20260309_123540/corpus_report.md; scanned OCR fixture sweep: backend/data/benchmarks/scanned_fixture_corpus_20260307_rerun/workflow.sqlite3
7.18.5-2,7.18.5,2,PDLinkAnnot,"structure,annotation,alt-text",covered,"Links shall contain an alternate description via their Contents key as described in ISO 32000-1:2008, 14.9.3","The app tags links, widgets, and generic annotations, sets Tabs/S, adds annotation descriptions where needed, and prunes incidental TrapNet/PrinterMark annotations from output pages.","backend/app/pipeline/tagger.py, backend/app/pipeline/fidelity.py",Exact curated corpus: backend/data/benchmarks/corpus_20260308_202258/corpus_report.md; representative non-huge corpus: backend/data/benchmarks/corpus_20260311_121723/corpus_report.md; official form set: backend/data/benchmarks/corpus_20260309_123540/corpus_report.md; scanned OCR fixture sweep: backend/data/benchmarks/scanned_fixture_corpus_20260307_rerun/workflow.sqlite3
7.18.6.2-1,7.18.6.2,1,PDMediaClip,syntax,partial,"In the media clip data dictionary, the optional CT key (ISO 32000-1:2008, 13.2.4.2, Table 274) is required","The app partially covers this annotation/media family: form widgets are structurally tagged, and media clip data dictionaries now get syntax-critical CT/Alt backfills, but richer semantics still need dedicated modeling or manual remediation.","backend/app/pipeline/tagger.py, backend/app/pipeline/fidelity.py",Exact curated corpus: backend/data/benchmarks/corpus_20260308_202258/corpus_report.md; representative non-huge corpus: backend/data/benchmarks/corpus_20260311_121723/corpus_report.md; official form set: backend/data/benchmarks/corpus_20260309_123540/corpus_report.md; scanned OCR fixture sweep: backend/data/benchmarks/scanned_fixture_corpus_20260307_rerun/workflow.sqlite3
7.18.6.2-2,7.18.6.2,2,PDMediaClip,alt-text,partial,"In the media clip data dictionary, the optional Alt key (ISO 32000-1:2008, 13.2.4.2, Table 274) is required","The app partially covers this annotation/media family: form widgets are structurally tagged, and media clip data dictionaries now get syntax-critical CT/Alt backfills, but richer semantics still need dedicated modeling or manual remediation.","backend/app/pipeline/tagger.py, backend/app/pipeline/fidelity.py",Exact curated corpus: backend/data/benchmarks/corpus_20260308_202258/corpus_report.md; representative non-huge corpus: backend/data/benchmarks/corpus_20260311_121723/corpus_report.md; official form set: backend/data/benchmarks/corpus_20260309_123540/corpus_report.md; scanned OCR fixture sweep: backend/data/benchmarks/scanned_fixture_corpus_20260307_rerun/workflow.sqlite3
7.18.8-1,7.18.8,1,PDPrinterMarkAnnot,annotation,covered,"PrinterMark annotations, if present, shall be considered Incidental Artifacts, as if they are hidden page elements as defined in ISO 32000-1:2008, 14.8.2.2.3","The app tags links, widgets, and generic annotations, sets Tabs/S, adds annotation descriptions where needed, and prunes incidental TrapNet/PrinterMark annotations from output pages.","backend/app/pipeline/tagger.py, backend/app/pipeline/fidelity.py",Exact curated corpus: backend/data/benchmarks/corpus_20260308_202258/corpus_report.md; representative non-huge corpus: backend/data/benchmarks/corpus_20260311_121723/corpus_report.md; official form set: backend/data/benchmarks/corpus_20260309_123540/corpus_report.md; scanned OCR fixture sweep: backend/data/benchmarks/scanned_fixture_corpus_20260307_rerun/workflow.sqlite3
7.20-1,7.20,1,PDXForm,syntax,unproven,A conforming file shall not contain any reference XObjects,Reference XObjects are not deliberately normalized or removed by the current pipeline.,backend/app/pipeline/validator.py,Exact curated corpus: backend/data/benchmarks/corpus_20260308_202258/corpus_report.md; representative non-huge corpus: backend/data/benchmarks/corpus_20260311_121723/corpus_report.md; official form set: backend/data/benchmarks/corpus_20260309_123540/corpus_report.md; scanned OCR fixture sweep: backend/data/benchmarks/scanned_fixture_corpus_20260307_rerun/workflow.sqlite3
7.20-2,7.20,2,PDXForm,syntax,partial,"The content of Form XObjects shall be incorporated into structure elements according to ISO 32000-1:2008, 14.7.2","The pipeline traverses Form XObjects in several remediation and rationalization paths, but full structure incorporation of all Form XObject content is not yet proven across all inputs.","backend/app/pipeline/orchestrator.py, backend/app/services/font_actualtext.py",Exact curated corpus: backend/data/benchmarks/corpus_20260308_202258/corpus_report.md; representative non-huge corpus: backend/data/benchmarks/corpus_20260311_121723/corpus_report.md; official form set: backend/data/benchmarks/corpus_20260309_123540/corpus_report.md; scanned OCR fixture sweep: backend/data/benchmarks/scanned_fixture_corpus_20260307_rerun/workflow.sqlite3
7.21.3.1-1,7.21.3.1,1,PDType0Font,font,unproven,"For any given composite (Type 0) font within a conforming file, the CIDSystemInfo entry in its CIDFont dictionary and its Encoding dictionary shall have the following relationship: - If the Encoding key in the Type 0 font dictionary is Identity-H or Identity-V, any values of Registry, Ordering, and Supplement may be used in the CIDSystemInfo entry of the CIDFont. - Otherwise, the corresponding Registry and Ordering strings in both CIDSystemInfo dictionaries shall be identical, and the value of the Supplement key in the CIDSystemInfo dictionary of the CIDFont shall be less than or equal to the Supplement key in the CIDSystemInfo dictionary of the CMap","veraPDF will still catch these font-level requirements, but the app does not yet have a dedicated deterministic remediation lane for this exact rule family.","backend/app/pipeline/orchestrator.py, backend/app/pipeline/validator.py",Exact curated corpus: backend/data/benchmarks/corpus_20260308_202258/corpus_report.md; representative non-huge corpus: backend/data/benchmarks/corpus_20260311_121723/corpus_report.md; official form set: backend/data/benchmarks/corpus_20260309_123540/corpus_report.md; scanned OCR fixture sweep: backend/data/benchmarks/scanned_fixture_corpus_20260307_rerun/workflow.sqlite3
7.21.3.2-1,7.21.3.2,1,PDCIDFont,font,covered,"ISO 32000-1:2008, 9.7.4, Table 117 requires that all embedded Type 2 CIDFonts in the CIDFont dictionary shall contain a CIDToGIDMap entry that shall be a stream mapping from CIDs to glyph indices or the name Identity, as described in ISO 32000-1:2008, 9.7.4, Table 117","The app has explicit automatic remediation lanes and validator/fidelity backstops for the dominant PDF/UA font mapping and embedding failures, with passing corpus evidence.","backend/app/pipeline/orchestrator.py, backend/app/pipeline/fidelity.py",Exact curated corpus: backend/data/benchmarks/corpus_20260308_202258/corpus_report.md; representative non-huge corpus: backend/data/benchmarks/corpus_20260311_121723/corpus_report.md; official form set: backend/data/benchmarks/corpus_20260309_123540/corpus_report.md; scanned OCR fixture sweep: backend/data/benchmarks/scanned_fixture_corpus_20260307_rerun/workflow.sqlite3
7.21.3.3-1,7.21.3.3,1,PDCMap,font,unproven,"All CMaps used within a PDF/UA file, except those listed in ISO 32000-1:2008, 9.7.5.2, Table 118, shall be embedded in that file as described in ISO 32000-1:2008, 9.7.5","veraPDF will still catch these font-level requirements, but the app does not yet have a dedicated deterministic remediation lane for this exact rule family.","backend/app/pipeline/orchestrator.py, backend/app/pipeline/validator.py",Exact curated corpus: backend/data/benchmarks/corpus_20260308_202258/corpus_report.md; representative non-huge corpus: backend/data/benchmarks/corpus_20260311_121723/corpus_report.md; official form set: backend/data/benchmarks/corpus_20260309_123540/corpus_report.md; scanned OCR fixture sweep: backend/data/benchmarks/scanned_fixture_corpus_20260307_rerun/workflow.sqlite3
7.21.3.3-2,7.21.3.3,2,CMapFile,font,unproven,"For those CMaps that are embedded, the integer value of the WMode entry in the CMap dictionary shall be identical to the WMode value in the embedded CMap stream","veraPDF will still catch these font-level requirements, but the app does not yet have a dedicated deterministic remediation lane for this exact rule family.","backend/app/pipeline/orchestrator.py, backend/app/pipeline/validator.py",Exact curated corpus: backend/data/benchmarks/corpus_20260308_202258/corpus_report.md; representative non-huge corpus: backend/data/benchmarks/corpus_20260311_121723/corpus_report.md; official form set: backend/data/benchmarks/corpus_20260309_123540/corpus_report.md; scanned OCR fixture sweep: backend/data/benchmarks/scanned_fixture_corpus_20260307_rerun/workflow.sqlite3
7.21.3.3-3,7.21.3.3,3,PDReferencedCMap,font,unproven,"A CMap shall not reference any other CMap except those listed in ISO 32000-1:2008, 9.7.5.2, Table 118","veraPDF will still catch these font-level requirements, but the app does not yet have a dedicated deterministic remediation lane for this exact rule family.","backend/app/pipeline/orchestrator.py, backend/app/pipeline/validator.py",Exact curated corpus: backend/data/benchmarks/corpus_20260308_202258/corpus_report.md; representative non-huge corpus: backend/data/benchmarks/corpus_20260311_121723/corpus_report.md; official form set: backend/data/benchmarks/corpus_20260309_123540/corpus_report.md; scanned OCR fixture sweep: backend/data/benchmarks/scanned_fixture_corpus_20260307_rerun/workflow.sqlite3
7.21.4.1-1,7.21.4.1,1,PDFont,font,covered,"The font programs for all fonts used for rendering within a conforming file shall be embedded within that file, as defined in ISO 32000-1:2008, 9.9","The app has explicit automatic remediation lanes and validator/fidelity backstops for the dominant PDF/UA font mapping and embedding failures, with passing corpus evidence.","backend/app/pipeline/orchestrator.py, backend/app/pipeline/fidelity.py",Exact curated corpus: backend/data/benchmarks/corpus_20260308_202258/corpus_report.md; representative non-huge corpus: backend/data/benchmarks/corpus_20260311_121723/corpus_report.md; official form set: backend/data/benchmarks/corpus_20260309_123540/corpus_report.md; scanned OCR fixture sweep: backend/data/benchmarks/scanned_fixture_corpus_20260307_rerun/workflow.sqlite3
7.21.4.1-2,7.21.4.1,2,Glyph,font,partial,"Embedded fonts shall define all glyphs referenced for rendering within the conforming file. A font referenced solely in text rendering mode 3 is not rendered and is thus exempt from the requirements that impact the visual representation of the glyphs of a font. In all cases for TrueType fonts that are to be rendered, character codes shall be able to be mapped to glyphs according to ISO 32000-1:2008, 9.6.6.4 without the use of a non-standard mapping chosen by the conforming processor","The app repairs part of this font family today, but the rule is not yet covered by a dedicated end-to-end guarantee for every font subtype and producer pattern.","backend/app/pipeline/orchestrator.py, backend/app/pipeline/fidelity.py",Exact curated corpus: backend/data/benchmarks/corpus_20260308_202258/corpus_report.md; representative non-huge corpus: backend/data/benchmarks/corpus_20260311_121723/corpus_report.md; official form set: backend/data/benchmarks/corpus_20260309_123540/corpus_report.md; scanned OCR fixture sweep: backend/data/benchmarks/scanned_fixture_corpus_20260307_rerun/workflow.sqlite3
7.21.4.2-1,7.21.4.2,1,PDType1Font,font,unproven,"If the FontDescriptor dictionary of an embedded Type 1 font contains a CharSet string, then it shall list the character names of all glyphs present in the font program, regardless of whether a glyph in the font is referenced or used by the PDF or not","veraPDF will still catch these font-level requirements, but the app does not yet have a dedicated deterministic remediation lane for this exact rule family.","backend/app/pipeline/orchestrator.py, backend/app/pipeline/validator.py",Exact curated corpus: backend/data/benchmarks/corpus_20260308_202258/corpus_report.md; representative non-huge corpus: backend/data/benchmarks/corpus_20260311_121723/corpus_report.md; official form set: backend/data/benchmarks/corpus_20260309_123540/corpus_report.md; scanned OCR fixture sweep: backend/data/benchmarks/scanned_fixture_corpus_20260307_rerun/workflow.sqlite3
7.21.4.2-2,7.21.4.2,2,PDCIDFont,font,covered,"If the FontDescriptor dictionary of an embedded CID font contains a CIDSet stream, then it shall identify all CIDs which are present in the font program, regardless of whether a CID in the font is referenced or used by the PDF or not","The app has explicit automatic remediation lanes and validator/fidelity backstops for the dominant PDF/UA font mapping and embedding failures, with passing corpus evidence.","backend/app/pipeline/orchestrator.py, backend/app/pipeline/fidelity.py",Exact curated corpus: backend/data/benchmarks/corpus_20260308_202258/corpus_report.md; representative non-huge corpus: backend/data/benchmarks/corpus_20260311_121723/corpus_report.md; official form set: backend/data/benchmarks/corpus_20260309_123540/corpus_report.md; scanned OCR fixture sweep: backend/data/benchmarks/scanned_fixture_corpus_20260307_rerun/workflow.sqlite3
7.21.5-1,7.21.5,1,Glyph,font,partial,"For every font embedded in a conforming file and used for rendering, the glyph width information in the font dictionary and in the embedded font program shall be consistent","The app repairs part of this font family today, but the rule is not yet covered by a dedicated end-to-end guarantee for every font subtype and producer pattern.","backend/app/pipeline/orchestrator.py, backend/app/pipeline/fidelity.py",Exact curated corpus: backend/data/benchmarks/corpus_20260308_202258/corpus_report.md; representative non-huge corpus: backend/data/benchmarks/corpus_20260311_121723/corpus_report.md; official form set: backend/data/benchmarks/corpus_20260309_123540/corpus_report.md; scanned OCR fixture sweep: backend/data/benchmarks/scanned_fixture_corpus_20260307_rerun/workflow.sqlite3
7.21.6-1,7.21.6,1,TrueTypeFontProgram,font,partial,"For all non-symbolic TrueType fonts used for rendering, the embedded TrueType font program shall contain one or several non-symbolic cmap entries such that all necessary glyph lookups can be carried out","The app repairs part of this font family today, but the rule is not yet covered by a dedicated end-to-end guarantee for every font subtype and producer pattern.","backend/app/pipeline/orchestrator.py, backend/app/pipeline/fidelity.py",Exact curated corpus: backend/data/benchmarks/corpus_20260308_202258/corpus_report.md; representative non-huge corpus: backend/data/benchmarks/corpus_20260311_121723/corpus_report.md; official form set: backend/data/benchmarks/corpus_20260309_123540/corpus_report.md; scanned OCR fixture sweep: backend/data/benchmarks/scanned_fixture_corpus_20260307_rerun/workflow.sqlite3
7.21.6-2,7.21.6,2,PDTrueTypeFont,font,partial,"All non-symbolic TrueType fonts shall have either MacRomanEncoding or WinAnsiEncoding as the value for the Encoding key in the Font dictionary or as the value for the BaseEncoding key in the dictionary which is the value of the Encoding key in the Font dictionary. In addition, no non-symbolic TrueType font shall define a Differences array unless all of the glyph names in the Differences array are listed in the Adobe Glyph List and, if the font program is embedded, it shall contain at least the Microsoft Unicode (3,1 – Platform ID = 3, Encoding ID = 1) encoding in the 'cmap' table","The app repairs part of this font family today, but the rule is not yet covered by a dedicated end-to-end guarantee for every font subtype and producer pattern.","backend/app/pipeline/orchestrator.py, backend/app/pipeline/fidelity.py",Exact curated corpus: backend/data/benchmarks/corpus_20260308_202258/corpus_report.md; representative non-huge corpus: backend/data/benchmarks/corpus_20260311_121723/corpus_report.md; official form set: backend/data/benchmarks/corpus_20260309_123540/corpus_report.md; scanned OCR fixture sweep: backend/data/benchmarks/scanned_fixture_corpus_20260307_rerun/workflow.sqlite3
7.21.6-3,7.21.6,3,PDTrueTypeFont,font,partial,Symbolic TrueType fonts shall not contain an Encoding entry in the font dictionary,"The app repairs part of this font family today, but the rule is not yet covered by a dedicated end-to-end guarantee for every font subtype and producer pattern.","backend/app/pipeline/orchestrator.py, backend/app/pipeline/fidelity.py",Exact curated corpus: backend/data/benchmarks/corpus_20260308_202258/corpus_report.md; representative non-huge corpus: backend/data/benchmarks/corpus_20260311_121723/corpus_report.md; official form set: backend/data/benchmarks/corpus_20260309_123540/corpus_report.md; scanned OCR fixture sweep: backend/data/benchmarks/scanned_fixture_corpus_20260307_rerun/workflow.sqlite3
7.21.6-4,7.21.6,4,TrueTypeFontProgram,font,partial,"The 'cmap' table in the embedded font program for a symbolic TrueType font shall contain either exactly one encoding or it shall contain, at least, the Microsoft Symbol (3,0 - Platform ID=3, Encoding ID=0) encoding","The app repairs part of this font family today, but the rule is not yet covered by a dedicated end-to-end guarantee for every font subtype and producer pattern.","backend/app/pipeline/orchestrator.py, backend/app/pipeline/fidelity.py",Exact curated corpus: backend/data/benchmarks/corpus_20260308_202258/corpus_report.md; representative non-huge corpus: backend/data/benchmarks/corpus_20260311_121723/corpus_report.md; official form set: backend/data/benchmarks/corpus_20260309_123540/corpus_report.md; scanned OCR fixture sweep: backend/data/benchmarks/scanned_fixture_corpus_20260307_rerun/workflow.sqlite3
7.21.7-1,7.21.7,1,Glyph,font,covered,"The Font dictionary of all fonts shall define the map of all used character codes to Unicode values, either via a ToUnicode entry, or other mechanisms as defined in ISO 14289-1, 7.21.7","The app has explicit automatic remediation lanes and validator/fidelity backstops for the dominant PDF/UA font mapping and embedding failures, with passing corpus evidence.","backend/app/pipeline/orchestrator.py, backend/app/pipeline/fidelity.py",Exact curated corpus: backend/data/benchmarks/corpus_20260308_202258/corpus_report.md; representative non-huge corpus: backend/data/benchmarks/corpus_20260311_121723/corpus_report.md; official form set: backend/data/benchmarks/corpus_20260309_123540/corpus_report.md; scanned OCR fixture sweep: backend/data/benchmarks/scanned_fixture_corpus_20260307_rerun/workflow.sqlite3
7.21.7-2,7.21.7,2,Glyph,font,covered,"The Unicode values specified in the ToUnicode CMap shall all be greater than zero (0), but not equal to either U+FEFF or U+FFFE","The app has explicit automatic remediation lanes and validator/fidelity backstops for the dominant PDF/UA font mapping and embedding failures, with passing corpus evidence.","backend/app/pipeline/orchestrator.py, backend/app/pipeline/fidelity.py",Exact curated corpus: backend/data/benchmarks/corpus_20260308_202258/corpus_report.md; representative non-huge corpus: backend/data/benchmarks/corpus_20260311_121723/corpus_report.md; official form set: backend/data/benchmarks/corpus_20260309_123540/corpus_report.md; scanned OCR fixture sweep: backend/data/benchmarks/scanned_fixture_corpus_20260307_rerun/workflow.sqlite3
7.21.8-1,7.21.8,1,Glyph,font,covered,"A PDF/UA compliant document shall not contain a reference to the .notdef glyph from any of the text showing operators, regardless of text rendering mode, in any content stream","The app has explicit automatic remediation lanes and validator/fidelity backstops for the dominant PDF/UA font mapping and embedding failures, with passing corpus evidence.","backend/app/pipeline/orchestrator.py, backend/app/pipeline/fidelity.py",Exact curated corpus: backend/data/benchmarks/corpus_20260308_202258/corpus_report.md; representative non-huge corpus: backend/data/benchmarks/corpus_20260311_121723/corpus_report.md; official form set: backend/data/benchmarks/corpus_20260309_123540/corpus_report.md; scanned OCR fixture sweep: backend/data/benchmarks/scanned_fixture_corpus_20260307_rerun/workflow.sqlite3
